{
    "status": 200,
    "message": "success",
    "data": {
        "type": "events/participants",
        "years": [
            {
                "year": "2022",
                "elux": "400000",
                "b2b": "450000",
                "b2c": "750000",
                "total": "1600000"
            },
            {
                "year": "2021",
                "elux": "600000",
                "b2b": "250000",
                "b2c": "950000",
                "total": "1800000"
            },
            {
                "year": "2020",
                "elux": "400000",
                "b2b": "450000",
                "b2c": "750000",
                "total": "1600000"
            }
        ]
    }
}


// for months
{
    "filter_type": "months",
    "request_data": "events/participants",
    "event_status": "planned/cancelled/took_place",
    "customer_type": "b2b/b2c/electrolux_internal/all",
    "locations": "188,191,500",
    "categories": "15,47,104",
    "salesperson": "15,47,104",
    "consultant_lead": "15,47,104",
    "request_body": [
        {
            "year": "2021",
            "months": "01,03,09"
        }
    ]
}

// for years
{
    "request_data": "events/participants",
    "event_status": "planned/cancelled/took_place",
    "customer_type": "b2b/b2c/electrolux_internal/all",
    "locations": "188,191,500",
    "categories": "15,47,104",
    "salesperson": "15,47,104",
    "consultant_lead": "15,47,104",
    "filter_type": "years",
    "request_body": [
        {
            "year": "2022",
            "months": "02,05,06"
        },
        {
            "year": "2023",
            "months": "02,11,06"
        },
        {
            "year": "2021",
            "months": "02,07,04"
        }
    ]
}

// for custom date range
{
    "request_data": "events/participants",
    "event_status": "planned/cancelled/took_place",
    "customer_type": "b2b/b2c/electrolux_internal/all",
    "locations": "188,191,500",
    "categories": "15,47,104",
    "salesperson": "15,47,104",
    "consultant_lead": "15,47,104",
    "filter_type": "custom_date_range",
    "request_body": [
        {
            "start":  "2022-01-01",
            "end":  "2022-01-31",
        },
        {
            "start":  "2022-02-01",
            "end":  "2022-03-15",
        },
        {
            "start":  "2022-12-01",
            "end":  "2024-31-01",
        },
    ]
}


// for custom time frame
{
    "filter_type": "custom_time_frame",
    "request_data": "events/participants",
    "event_status": "planned/cancelled/took_place",
    "customer_type": "b2b/b2c/electrolux_internal/all",
    "locations": "188,191,500",
    "categories": "15,47,104",
    "salesperson": "15,47,104",
    "consultant_lead": "15,47,104",
    "request_body": [
        {
            "year": "2021",
            "months": "01,02,03,04,05,06,07,08,09,10,11,12"
        },
        {
            "year": "2022",
            "months": "01,02,03,04,05,06,07,08,09,10,11,12"
        }
    ]
}