{
    "taken_place":    ["planed","cancelled", "etc"],
    "type":           "event|participant" ,

    "timeline_type" : "months|years|custom_date_range",

    "filter_key_values" : {
        "product_status" : "Planned",
        "category"  : "26"
    },

    "year_months" : ["01","02","03","04","05"], // only use in query while timeline_type=years
    
    
    "timeline_filter" : "
        ["01",02,03,04,05]  // for month
        [2020,2022,2021]  //  for year
        [ [ 20200101, 20201231  ] [ 20210101, 20211231  ] ]  // for custom time-frame",
    "


}

// Real example

{
    "type" : "participants",
    "timeline_type" : "year",
    "timeline_filter" : ["2022","2024","2020"],
    "filter_key_values" : {
        "product_status" : "Planned"
    },
    "year_months" : ["01","02"]

}